"Plot","Toothpick.alpha","Emerge.date","Date","Tag","Fl_Stems","Fl_Open","Fl_Done","Toothpick","Q","Page","Note","RecordID"
2,"enno",NA,2021-07-15,1160,1,0,1,"none",NA,38,"",20428
2,"enno",NA,2021-07-01,1160,0,0,0,"none","",17,"yv",20002
2,"enno",NA,2021-07-05,1160,1,1,0,"none","",22,"",20119
2,"enno",NA,2021-07-12,1160,1,0,1,"none","",33,"",20362
2,"enno",NA,2021-07-08,1160,1,1,0,"none","",28,"",20243
2,"enno",NA,2021-06-25,1160,0,0,0,"none","",7,"yv",20925
2,"enno",NA,2021-06-28,1160,0,0,0,"none","",12,"yv",20642
2,"gw",2021-06-17,2021-07-15,1291,2,0,6,"wg",NA,38,"",20429
2,"gw",2021-06-17,2021-07-05,1291,2,4,0,"wg","",27,"",20946
2,"gw",2021-06-17,2021-07-08,1291,2,6,0,"wg","",28,"",20244
2,"gw",2021-06-17,2021-07-12,1291,2,0,6,"wg","",33,"",20363
2,"r",2021-06-10,2021-07-12,1011,1,0,1,"r","",33,"",20361
2,"r",2021-06-10,2021-07-05,1011,1,1,2,"r","",22,"",20118
2,"r",2021-06-10,2021-07-01,1011,1,3,0,"r","",17,"",20001
2,"r",2021-06-10,2021-06-25,1011,0,0,0,"r","",7,"yv",20924
2,"r",2021-06-10,2021-06-28,1011,0,0,0,"r","",12,"yv",20641
2,"r",2021-06-10,2021-07-08,1011,1,0,2,"r","",28,"grazing?",20242
4,"w",2021-06-03,2021-07-08,1186,1,0,2,"w","",28,"",20245
4,"w",2021-06-03,2021-06-28,1186,1,1,0,"w","",12,"",20643
4,"w",2021-06-03,2021-07-05,1186,1,2,0,"w","",22,"",20120
4,"w",2021-06-03,2021-06-25,1186,0,0,0,"w","",7,"yv",20926
4,"w",2021-06-03,2021-07-12,1186,1,0,2,"w","",33,"",20364
4,"w",2021-06-03,2021-07-01,1186,1,3,0,"w","",17,"",20003
5,"bw",2021-06-10,2021-06-25,1159,1,3,0,"wb","",8,"yv",20544
5,"bw",2021-06-10,2021-06-21,1159,0,0,0,"wb","",4,"yv",20885
5,"bw",2021-06-10,2021-07-08,1159,2,0,5,"wb","",28,"",20246
5,"bw",2021-06-10,2021-07-05,1159,2,0,5,"wb","",22,"",20121
5,"bw",2021-06-10,2021-07-01,1159,2,5,0,"wb","",17,"",20004
5,"bw",2021-06-10,2021-06-28,1159,2,5,0,"wb","",12,"",20644
6,"gw",2021-06-07,2021-06-28,1149,0,0,0,"gw","",12,"yv",20647
6,"gw",2021-06-07,2021-06-25,1149,0,0,0,"gw","",8,"fl gone",20547
6,"gw",2021-06-07,2021-06-21,1149,1,1,0,"gw","",4,"fl has no wings",20890
6,"gw",2021-06-07,2021-07-05,1149,0,0,0,"gw","",22,"",20123
6,"gw",2021-06-07,2021-07-01,1149,0,0,0,"gw","",17,"",20006
6,"ow",2021-06-07,2021-06-17,1152,0,0,0,"yv","",2,"yv",20835
6,"ow",2021-06-07,2021-07-05,1152,2,1,14,"","",22,"",20124
6,"ow",2021-06-07,2021-07-12,1152,2,0,11,"","",33,"",20365
6,"ow",2021-06-07,2021-07-08,1152,2,0,14,"","",28,"",20248
6,"ow",2021-06-07,2021-06-21,1152,1,4,0,"","",5,"",20481
6,"ow",2021-06-07,2021-06-28,1152,1,7,4,"","",12,"yv",20648
6,"ow",2021-06-07,2021-06-25,1152,1,8,2,"","",8,"1yv",20548
6,"ow",2021-06-07,2021-07-01,1152,1,6,6,"","",17,"yv",20007
6,"r",2021-06-10,2021-07-01,1300,1,1,4,"r","",17,"",20009
6,"r",2021-06-10,2021-06-28,1300,1,5,0,"r","",12,"",20651
6,"r",2021-06-10,2021-06-21,1300,1,3,0,"r","",4,"",20888
6,"r",2021-06-10,2021-06-25,1300,1,5,0,"r","",8,"",20551
6,"r",2021-06-10,2021-07-05,1300,1,0,5,"r","",22,"",20125
6,"r",2021-06-10,2021-07-08,1300,0,0,0,"r","",28,"grazed",20249
6,"w.q",NA,2021-06-14,1128,0,0,0,"w","",1,"yv",20772
6,"w.q",NA,2021-06-21,1211,1,3,1,"","",5,"",20483
6,"w.q",NA,2021-07-05,1138,1,0,3,"w","",22,"",20122
6,"w.q",NA,2021-06-17,1128,1,4,0,"","",2,"1 counted fl is dud",20834
6,"w.q",NA,2021-06-17,1211,0,0,0,"w","[q]",2,"yv; CHECK TPs",20837
6,"w.q",NA,2021-06-28,1128,1,0,3,"","",12,"",20645
6,"w.q",NA,2021-07-01,1138,1,2,1,"w","",17,"",20005
6,"w.q",NA,2021-06-28,1211,1,0,4,"","",12,"",20650
6,"w.q",NA,2021-06-25,1128,1,0,3,"","",8,"",20545
6,"w.q",NA,2021-06-25,1138,1,2,0,"w","",8,"",20546
6,"w.q",NA,2021-06-25,1211,1,0,4,"","",8,"",20550
6,"w.q",NA,2021-06-21,1128,1,3,0,"","",5,"",20480
6,"w.q",NA,2021-06-21,1138,0,0,0,"w","",4,"yv",20889
6,"w.q",NA,2021-07-08,1138,0,0,0,"w","",28,"grazed",20247
6,"w.q",NA,2021-06-28,1138,1,3,0,"w","",12,"",20646
6,"ww",2021-06-07,2021-07-01,1165,1,0,2,"ww","",17,"",20008
6,"ww",2021-06-07,2021-06-17,1165,1,2,0,"ww","",2,"not spread but pollen is visible; [tp changed w->ww jun 21]",20836
6,"ww",2021-06-07,2021-06-21,1165,1,4,0,"ww","",5,"tp is ww",20482
6,"ww",2021-06-07,2021-06-25,1165,1,0,4,"ww","",8,"",20549
6,"ww",2021-06-07,2021-06-28,1165,1,0,2,"ww","",12,"",20649
7,"b",2021-06-03,2021-06-28,1144,1,5,1,"","",12,"",20653
7,"b",2021-06-03,2021-07-01,1144,1,3,4,"","",17,"broke off one counted done fl",20011
7,"b",2021-06-03,2021-07-05,1144,1,0,3,"","",22,"",20127
7,"b",2021-06-03,2021-06-17,1144,0,0,0,"b","",2,"yv",20831
7,"b",2021-06-03,2021-07-08,1144,1,0,3,"","",28,"",20251
7,"b",2021-06-03,2021-06-25,1144,1,6,0,"","",8,"",20553
7,"b",2021-06-03,2021-06-21,1144,1,2,0,"","",5,"",20484
7,"gw",2021-06-07,2021-06-25,1136,1,4,0,"","",8,"",20552
7,"gw",2021-06-07,2021-07-05,1136,1,0,5,"","",22,"",20126
7,"gw",2021-06-07,2021-06-17,1136,0,0,0,"wg","",2,"yv",20832
7,"gw",2021-06-07,2021-06-21,1136,1,3,0,"","",5,"",20485
7,"gw",2021-06-07,2021-07-08,1136,1,0,5,"","",28,"",20250
7,"gw",2021-06-07,2021-06-28,1136,1,4,0,"","",12,"",20652
7,"gw",2021-06-07,2021-07-01,1136,1,4,1,"","",17,"",20010
7,"w",2021-06-03,2021-06-28,1210,1,1,0,"","",12,"",20655
7,"w",2021-06-03,2021-06-25,1210,1,0,1,"","",8,"",20555
7,"w",2021-06-03,2021-07-01,1210,1,0,1,"","",17,"damaged",20013
7,"w",2021-06-03,2021-06-17,1210,0,0,0,"w","",2,"yv",20833
7,"w",2021-06-03,2021-07-05,1210,1,0,1,"","",22,"",20129
7,"w",2021-06-03,2021-06-21,1210,0,0,0,"","",5,"yv",20486
7,"wy",2021-06-07,2021-06-25,1198,1,1,0,"yw","",8,"",20554
7,"wy",2021-06-07,2021-07-05,1198,1,0,6,"yw","",22,"",20128
7,"wy",2021-06-07,2021-07-08,1198,1,0,6,"yw","",28,"",20252
7,"wy",2021-06-07,2021-07-01,1198,1,4,1,"yw","",17,"",20012
7,"wy",2021-06-07,2021-06-21,1198,0,0,0,"yw","",4,"yv",20886
7,"wy",2021-06-07,2021-06-28,1198,1,2,0,"yw","",12,"",20654
8,"b",2021-06-03,2021-07-01,1168,1,1,0,"b","",17,"",20015
8,"b",2021-06-03,2021-07-08,1168,1,0,1,"b","",28,"",20254
8,"b",2021-06-03,2021-06-28,1168,1,1,0,"b","",12,"",20660
8,"b",2021-06-03,2021-06-21,1168,1,1,0,"b","",4,"",20883
8,"b",2021-06-03,2021-07-05,1168,1,0,1,"b","",22,"",20131
8,"b",2021-06-03,2021-06-25,1168,1,1,0,"b","",8,"",20560
8,"g",2021-06-03,2021-06-28,1313,1,0,2,"","",12,"",20664
8,"g",2021-06-03,2021-06-21,1313,1,1,0,"","",5,"",20492
8,"g",2021-06-03,2021-06-25,1313,1,0,2,"","",8,"",20564
8,"g",2021-06-03,2021-06-17,1313,0,0,0,"g","",2,"yv",20841
8,"gg",2021-06-07,2021-07-15,1201,1,0,9,"gg","",38,"; 1201+1288 records merged SN Jan 2023",20431
8,"gg",2021-06-07,2021-07-05,1201,2,6,1,"gg","",22,"; is dupe? Check 1201; 1201+1288 records merged SN Jan 2023",20132
8,"gg",2021-06-07,2021-06-28,1201,1,1,0,"gg","",12,"yv; 1201+1288 records merged SN Jan 2023",20661
8,"gg",2021-06-07,2021-07-01,1201,1,1,0,"gg","",17,"; 1201+1288 records merged SN Jan 2023",20016
8,"gg",2021-06-07,2021-07-08,1201,2,4,6,"gg","",28,"; ; 1201+1288 records merged SN Jan 2023",20255
8,"gg",2021-06-07,2021-06-21,1201,0,0,0,"gg","",4,"yv; 1201+1288 records merged SN Jan 2023",20882
8,"gg",2021-06-07,2021-07-12,1201,1,0,9,"gg","",33,"; 1201+1288 records merged SN Jan 2023",20368
8,"gg",2021-06-07,2021-06-25,1201,1,1,0,"gg","",8,"yv; 1201+1288 records merged SN Jan 2023",20561
8,"gw",2021-06-03,2021-06-21,1143,1,2,0,"","",5,"",20488
8,"gw",2021-06-03,2021-06-28,1143,1,0,2,"","",12,"",20657
8,"gw",2021-06-03,2021-06-25,1143,1,0,2,"","",8,"",20557
8,"gw",2021-06-03,2021-06-17,1143,1,2,0,"gw","",2,"",20843
8,"o",2021-06-03,2021-07-08,1153,1,0,8,"o","",28,"",20253
8,"o",2021-06-03,2021-07-12,1153,1,0,7,"o","",33,"",20366
8,"o",2021-06-03,2021-06-25,1153,1,5,0,"o","",8,"",20558
8,"o",2021-06-03,2021-06-21,1153,0,0,0,"o","",4,"yv",20884
8,"o",2021-06-03,2021-07-05,1153,1,3,5,"o","",22,"",20130
8,"o",2021-06-03,2021-07-01,1153,1,8,0,"o","",17,"",20014
8,"o",2021-06-03,2021-06-28,1153,1,5,0,"o","",12,"",20658
8,"orw",2021-06-10,2021-06-21,1307,1,2,0,"wro","",5,"",20491
8,"orw",2021-06-10,2021-06-28,1307,1,0,2,"wro","i",12,"",20663
8,"orw",2021-06-10,2021-06-17,1307,0,0,0,"wro","",2,"yv",20840
8,"orw",2021-06-10,2021-06-25,1307,1,1,1,"wro","i",8,"tag is 1303",20563
8,"orw",2021-06-10,2021-07-01,1307,1,0,7,"wro","i",17,"",20018
8,"orw",2021-06-10,2021-07-05,1307,1,0,2,"wro","i",22,"",20134
8,"r",2021-06-03,2021-06-21,1157,1,1,0,"","",5,"",20489
8,"r",2021-06-03,2021-06-14,1157,0,0,0,"r","",1,"yv",20770
8,"r",2021-06-03,2021-06-17,1157,1,1,0,"","",2,"",20839
8,"r",2021-06-03,2021-06-25,1157,1,0,1,"","",8,"",20559
8,"r",2021-06-03,2021-06-28,1157,1,0,1,"","",12,"",20659
8,"rww",2021-06-14,2021-06-25,1139,1,0,2,"","",8,"",20556
8,"rww",2021-06-14,2021-06-28,1139,1,0,2,"","",12,"",20656
8,"rww",2021-06-14,2021-06-14,1139,0,0,0,"wwr","",1,"yv",20771
8,"rww",2021-06-14,2021-06-21,1139,1,2,0,"","",5,"",20487
8,"rww",2021-06-14,2021-06-17,1139,1,1,0,"","",2,"",20842
8,"wy",2021-06-03,2021-06-25,1205,1,4,0,"","",8,"yv",20562
8,"wy",2021-06-03,2021-06-28,1205,2,5,0,"","",12,"",20662
8,"wy",2021-06-03,2021-07-15,1205,2,0,6,"",NA,38,"",20430
8,"wy",2021-06-03,2021-07-12,1205,2,0,7,"","i",33,"was 2 st. previously",20367
8,"wy",2021-06-03,2021-06-21,1205,0,0,0,"","",5,"2yv",20490
8,"wy",2021-06-03,2021-07-08,1205,1,1,6,"","",28,"",20256
8,"wy",2021-06-03,2021-07-01,1205,2,7,0,"","",17,"",20017
8,"wy",2021-06-03,2021-07-05,1205,2,3,4,"","",22,"",20133
8,"wy",2021-06-03,2021-06-17,1205,0,0,0,"wy","",2,"yv",20844
9,"",NA,2021-07-15,1316,1,0,10,"",NA,38,"",20434
9,"",NA,2021-06-25,1316,0,0,0,"","",7,"yv; can't find tp; one beneath shrub",20923
9,"",NA,2021-07-01,1316,1,1,0,"","",17,"",20021
9,"",NA,2021-07-12,1316,1,3,7,"","",33,"",20371
9,"",NA,2021-06-28,1316,0,0,0,"","",12,"yv",20667
9,"",NA,2021-07-05,1316,1,8,0,"","",22,"",20137
9,"",NA,2021-07-08,1316,1,10,0,"","",28,"",20260
9,"",NA,2021-07-19,1316,1,0,10,"",NA,42,"",20470
9,"w",2021-06-10,2021-06-28,1049,1,6,0,"w","",12,"yv",20665
9,"w",2021-06-10,2021-07-01,1049,1,7,0,"w","",17,"",20019
9,"w",2021-06-10,2021-07-08,1049,2,7,9,"w","",28,"",20258
9,"w",2021-06-10,2021-07-15,1049,2,0,18,"w",NA,38,"",20432
9,"w",2021-06-10,2021-06-25,1049,1,5,0,"w","",7,"yv",20922
9,"w",2021-06-10,2021-07-05,1049,2,10,7,"w","",22,"",20135
9,"w",2021-06-10,2021-07-12,1049,2,0,17,"w","",33,"",20369
9,"w",2021-06-10,2021-07-19,1049,2,0,13,"w",NA,42,"",20468
9,"y",2021-06-07,2021-07-12,1218,1,1,7,"y","",33,"",20370
9,"y",2021-06-07,2021-06-25,1218,0,0,0,"y","",7,"yv",20921
9,"y",2021-06-07,2021-07-01,1218,1,3,0,"y","",17,"",20020
9,"y",2021-06-07,2021-07-22,1218,1,0,4,NA,NA,45,NA,20541
9,"y",2021-06-07,2021-07-15,1218,1,1,4,"y",NA,38,"",20433
9,"y",2021-06-07,2021-07-19,1218,1,0,5,"y",NA,42,"",20469
9,"y",2021-06-07,2021-07-05,1218,1,5,1,"y","",22,"",20136
9,"y",2021-06-07,2021-06-28,1218,0,0,0,"y","",12,"yv",20666
9,"y",2021-06-07,2021-07-08,1218,1,7,1,"y","",28,"",20259
10,"y",2021-06-07,2021-07-01,1217,2,12,1,"","",17,"",20022
10,"y",2021-06-07,2021-07-08,1217,2,0,12,"","",28,"[done flower count edited due to note sn jan 2023]",20261
10,"y",2021-06-07,2021-07-15,1217,2,0,12,"",NA,38,"",20435
10,"y",2021-06-07,2021-06-28,1217,2,11,0,"","",12,"",20668
10,"y",2021-06-07,2021-06-25,1217,2,11,0,"","",8,"",20565
10,"y",2021-06-07,2021-06-17,1217,0,0,0,"y","",2,"",20838
10,"y",2021-06-07,2021-07-05,1217,2,1,12,"","",22,"",20138
10,"y",2021-06-07,2021-06-21,1217,1,1,0,"","",5,"yv",20493
10,"y",2021-06-07,2021-07-12,1217,2,0,12,"","i",33,"second stem likely missed before (2;0;12)",20372
20,"",NA,2021-06-25,1196,0,0,0,"","",7,"yv",20927
20,"",NA,2021-06-28,1196,0,0,0,"","",12,"yv",20669
20,"",NA,2021-07-08,1196,1,1,0,"","",28,"",20262
20,"",NA,2021-07-12,1196,1,0,1,"","",33,"",20373
20,"",NA,2021-07-15,1196,1,0,1,"",NA,38,"",20436
20,"",NA,2021-07-05,1196,1,1,0,"","",22,"",20139
20,"",NA,2021-07-01,1196,0,0,0,"","",17,"yv",20023
21,"w",2021-06-03,2021-06-25,1172,2,7,0,"w","",8,"",20566
21,"w",2021-06-03,2021-07-01,1172,2,8,0,"w","",17,"",20024
21,"w",2021-06-03,2021-07-08,1172,2,1,7,"w","",28,"",20263
21,"w",2021-06-03,2021-06-28,1172,2,7,0,"w","",12,"",20670
21,"w",2021-06-03,2021-07-15,1172,2,0,6,"w",NA,38,"",20437
21,"w",2021-06-03,2021-07-12,1172,2,0,8,"w","",33,"",20374
21,"w",2021-06-03,2021-07-05,1172,2,4,4,"w","",22,"",20140
21,"w",2021-06-03,2021-06-21,1172,1,1,0,"w","",4,"yv",20881
24,"b",2021-05-27,2021-06-25,1192,0,0,0,"b","",8,"yv",20567
24,"b",2021-05-27,2021-07-05,1192,1,2,0,"b","",23,"",20141
24,"b",2021-05-27,2021-07-08,1192,1,2,0,"b","",28,"",20264
24,"b",2021-05-27,2021-06-21,1192,0,0,0,"b","",4,"yv",20891
24,"b",2021-05-27,2021-06-28,1192,1,2,0,"b","",13,"",20671
24,"b",2021-05-27,2021-07-15,1192,1,0,1,"b",NA,38,"",20438
24,"b",2021-05-27,2021-07-01,1192,1,2,0,"b","",18,"",20025
24,"b",2021-05-27,2021-07-12,1192,1,0,2,"b","",33,"",20375
25,"wy",2021-06-14,2021-07-08,1083,1,2,0,"yw","",28,"",20265
25,"wy",2021-06-14,2021-07-19,1083,2,0,8,"yw",NA,42,"",20471
25,"wy",2021-06-14,2021-07-22,1083,2,0,8,NA,NA,45,NA,20542
25,"wy",2021-06-14,2021-07-05,1083,0,0,0,"yw","",27,"yv",20944
25,"wy",2021-06-14,2021-07-12,1083,2,6,0,"yw","",33,"",20376
25,"wy",2021-06-14,2021-07-15,1083,2,6,2,"yw",NA,38,"",20439
27,"o",2021-06-07,2021-07-05,1202,1,0,4,"o","",23,"",20142
27,"o",2021-06-07,2021-06-21,1202,0,0,0,"o","",4,"yv",20892
27,"o",2021-06-07,2021-07-01,1202,1,5,0,"o","",18,"",20026
27,"o",2021-06-07,2021-06-28,1202,1,4,0,"o","",13,"",20672
27,"o",2021-06-07,2021-06-25,1202,1,4,0,"o","",8,"",20568
27,"o",2021-06-07,2021-07-08,1202,1,0,4,"o","",28,"",20266
28,"w.q",NA,2021-07-01,1158,1,3,0,"","",18,"",20027
28,"w.q",NA,2021-06-17,1158,0,0,0,"w","",2,"yv",20830
28,"w.q",NA,2021-07-05,1286,2,4,11,"w","",23,"",20144
28,"w.q",NA,2021-06-21,1286,0,0,0,"w","",4,"2yv",20887
28,"w.q",NA,2021-06-25,1286,2,9,0,"w","",8,"",20570
28,"w.q",NA,2021-06-21,1158,0,0,0,"","",5,"yv",20494
28,"w.q",NA,2021-06-28,1158,1,3,0,"","",13,"",20673
28,"w.q",NA,2021-07-05,1158,1,0,3,"","",23,"",20143
28,"w.q",NA,2021-07-08,1158,1,0,3,"","",28,"",20267
28,"w.q",NA,2021-06-25,1158,1,3,0,"","",8,"",20569
28,"w.q",NA,2021-07-12,1286,2,0,14,"w","",33,"",20377
28,"w.q",NA,2021-06-28,1286,2,9,0,"w","",13,"",20674
28,"w.q",NA,2021-07-08,1286,2,0,15,"w","c",29,"prev?",20268
28,"w.q",NA,2021-07-01,1286,2,13,0,"w","",18,"",20028
34,"g",2021-06-07,2021-07-01,1124,1,7,0,"","",18,"",20029
34,"g",2021-06-07,2021-06-17,1124,0,0,0,"g","",2,"yv",20829
34,"g",2021-06-07,2021-06-28,1124,1,6,0,"","",13,"",20675
34,"g",2021-06-07,2021-07-12,1124,1,0,5,"","",34,"",20378
34,"g",2021-06-07,2021-06-21,1124,0,0,0,"","",5,"yv",20495
34,"g",2021-06-07,2021-07-08,1124,1,0,7,"","",29,"",20269
34,"g",2021-06-07,2021-07-05,1124,1,1,6,"","",23,"",20145
34,"g",2021-06-07,2021-06-25,1124,1,5,0,"","",8,"",20571
36,"y",2021-06-07,2021-06-28,1051,1,2,0,"y","",13,"",20676
36,"y",2021-06-07,2021-06-21,1051,0,0,0,"y","",4,"yv",20893
36,"y",2021-06-07,2021-07-05,1051,1,0,3,"y","",23,"",20146
36,"y",2021-06-07,2021-06-25,1051,1,1,0,"y","",8,"",20572
36,"y",2021-06-07,2021-07-01,1051,1,2,0,"y","",18,"",20030
36,"y",2021-06-07,2021-07-08,1051,1,0,2,"y","",29,"",20270
37,"b",2021-06-03,2021-07-08,1082,1,0,1,"b","",29,"",20271
37,"b",2021-06-03,2021-07-12,1082,1,0,1,"b","",34,"",20379
37,"b",2021-06-03,2021-07-05,1082,1,1,0,"b","",23,"",20147
37,"b",2021-06-03,2021-06-28,1082,0,0,0,"b","",13,"yv",20677
37,"b",2021-06-03,2021-06-25,1082,0,0,0,"b","",7,"yv",20920
37,"b",2021-06-03,2021-07-01,1082,0,0,0,"b","",18,"yv",20031
37,"gg",2021-06-07,2021-06-17,1185,0,0,0,"gg","",2,"yv",20828
37,"gg",2021-06-07,2021-06-25,1185,0,0,0,"","",9,"grazed?",20576
37,"gg",2021-06-07,2021-06-21,1185,1,4,0,"","",5,"",20498
37,"gg",2021-06-07,2021-06-28,1185,0,0,0,"","",13,"",20681
37,"gr",2021-06-07,2021-06-25,1148,0,0,0,"rg","",9,"dud or grazed",20575
37,"gr",2021-06-07,2021-06-28,1148,0,0,0,"rg","",13,"",20680
37,"gr",2021-06-07,2021-06-21,1148,0,0,0,"rg","",4,"yv",20894
37,"ow",2021-06-03,2021-06-21,1190,1,2,0,"","",5,"",20499
37,"ow",2021-06-03,2021-06-28,1190,1,5,3,"","",13,"",20682
37,"ow",2021-06-03,2021-07-08,1190,2,0,8,"","",29,"",20272
37,"ow",2021-06-03,2021-07-01,1190,1,2,6,"","",18,"",20033
37,"ow",2021-06-03,2021-06-17,1190,0,0,0,"wo","",2,"yv",20827
37,"ow",2021-06-03,2021-06-25,1190,1,3,2,"","",9,"",20577
37,"ow",2021-06-03,2021-07-05,1190,2,0,8,"","",23,"",20149
37,"owy",2021-06-03,2021-06-21,1312,1,5,0,"","",5,"",20501
37,"owy",2021-06-03,2021-06-25,1312,1,10,0,"","",9,"",20579
37,"owy",2021-06-03,2021-07-08,1312,1,0,8,"","",29,"incl. an empty calyx",20274
37,"owy",2021-06-03,2021-06-28,1312,1,7,4,"","",13,"one done fl lost (counted) fell off",20684
37,"owy",2021-06-03,2021-06-17,1312,0,0,0,"wyo","",2,"yv",20825
37,"owy",2021-06-03,2021-07-01,1312,1,2,8,"","",18,"",20035
37,"owy",2021-06-03,2021-07-05,1312,1,0,9,"","",23,"",20151
37,"r",2021-06-03,2021-06-17,1137,1,6,0,"","",2,"",20823
37,"r",2021-06-03,2021-07-01,1137,1,0,12,"","",18,"",20032
37,"r",2021-06-03,2021-06-28,1137,1,2,10,"","",13,"",20678
37,"r",2021-06-03,2021-07-05,1137,1,0,12,"","",23,"",20148
37,"r",2021-06-03,2021-06-21,1137,1,5,5,"","",5,"",20496
37,"r",2021-06-03,2021-06-25,1137,1,3,8,"","",8,"",20573
37,"r",2021-06-03,2021-06-14,1137,0,0,0,"r","",1,"yv",20773
37,"rw",2021-06-03,2021-06-28,1140,1,0,2,"","",13,"",20679
37,"rw",2021-06-03,2021-06-17,1140,1,3,0,"","",2,"",20824
37,"rw",2021-06-03,2021-06-21,1140,1,11,0,"","",5,"",20497
37,"rw",2021-06-03,2021-06-25,1140,1,0,2,"","",9,"grazed?",20574
37,"rw",2021-06-03,2021-06-14,1140,0,0,0,"wr","",1,"yv",20774
37,"ww",2021-06-03,2021-06-21,1310,1,1,0,"","",5,"",20500
37,"ww",2021-06-03,2021-07-05,1310,1,0,1,"","",23,"",20150
37,"ww",2021-06-03,2021-07-01,1310,1,1,0,"","",18,"",20034
37,"ww",2021-06-03,2021-06-28,1310,1,1,0,"","",13,"",20683
37,"ww",2021-06-03,2021-07-08,1310,1,0,1,"","",29,"",20273
37,"ww",2021-06-03,2021-06-25,1310,1,1,0,"","",9,"",20578
37,"ww",2021-06-03,2021-06-17,1310,0,0,0,"ww","",2,"yv",20826
38,"bo",2021-06-10,2021-07-12,1224,1,0,9,"bo","",34,"",20380
38,"bo",2021-06-10,2021-06-28,1224,1,4,0,"bo","",13,"",20685
38,"bo",2021-06-10,2021-07-01,1224,1,6,0,"bo","",18,"",20036
38,"bo",2021-06-10,2021-06-25,1224,1,4,0,"bo","",9,"",20580
38,"bo",2021-06-10,2021-07-05,1224,1,5,4,"bo","",23,"",20152
38,"bo",2021-06-10,2021-06-21,1224,0,0,0,"bo","",4,"yv",20895
38,"bo",2021-06-10,2021-07-08,1224,1,4,6,"bo","",29,"",20275
38,"bo",2021-06-10,2021-07-15,1224,1,0,9,"bo",NA,39,"",20440
57,"ww",2021-06-10,2021-07-01,1057,1,2,0,"ww","",18,"",20037
57,"ww",2021-06-10,2021-07-12,1057,1,0,3,"ww","",34,"",20381
57,"ww",2021-06-10,2021-06-25,1057,1,1,0,"ww","",9,"",20581
57,"ww",2021-06-10,2021-07-05,1057,1,1,2,"ww","",23,"",20153
57,"ww",2021-06-10,2021-06-21,1057,0,0,0,"ww","",3,"yv",20866
57,"ww",2021-06-10,2021-06-28,1057,1,1,0,"ww","",13,"",20686
57,"ww",2021-06-10,2021-07-08,1057,1,0,3,"ww","",29,"",20276
57,"y",2021-06-07,2021-07-19,1251,1,0,4,"y",NA,42,"",20472
57,"y",2021-06-07,2021-07-01,1251,1,1,0,"y","",18,"",20038
57,"y",2021-06-07,2021-07-15,1251,1,0,5,"y",NA,39,"",20441
57,"y",2021-06-07,2021-07-12,1251,1,1,4,"y","",34,"",20382
57,"y",2021-06-07,2021-07-05,1251,1,3,0,"y","",23,"",20154
57,"y",2021-06-07,2021-06-28,1251,0,0,0,"y","",13,"yv",20687
57,"y",2021-06-07,2021-06-25,1251,0,0,0,"y","",7,"yv",20919
57,"y",2021-06-07,2021-06-21,1251,0,0,0,"y","",3,"yv",20867
57,"y",2021-06-07,2021-07-08,1251,1,2,3,"y","",29,"",20277
58,"w",2021-06-03,2021-07-12,1188,1,0,6,"w","",34,"",20383
58,"w",2021-06-03,2021-07-05,1188,1,1,9,"w","",23,"",20156
58,"w",2021-06-03,2021-07-01,1188,1,1,0,"w","",18,"",20040
58,"w",2021-06-03,2021-07-15,1188,1,0,4,"w",NA,39,"",20442
58,"w",2021-06-03,2021-06-25,1188,0,0,0,"w","",7,"yv",20918
58,"w",2021-06-03,2021-06-28,1188,0,0,0,"w","",13,"yv",20689
58,"w",2021-06-03,2021-07-08,1188,1,1,4,"w","",29,"",20279
58,"ww",2021-06-03,2021-07-01,1080,1,2,0,"ww","",18,"",20039
58,"ww",2021-06-03,2021-06-25,1080,0,0,0,"ww","",7,"yv",20917
58,"ww",2021-06-03,2021-07-08,1080,1,0,2,"ww","",29,"",20278
58,"ww",2021-06-03,2021-06-28,1080,0,0,0,"ww","",13,"yv",20688
58,"ww",2021-06-03,2021-06-21,1080,0,0,0,"ww","",3,"yv",20878
58,"ww",2021-06-03,2021-07-05,1080,1,0,2,"ww","",23,"",20155
59,"b",2021-06-07,2021-06-21,1145,2,4,0,"b","",5,"",20502
59,"b",2021-06-07,2021-06-28,1145,2,5,3,"b","",13,"",20693
59,"b",2021-06-07,2021-06-17,1145,0,0,0,"b","",2,"2yv",20822
59,"b",2021-06-07,2021-07-05,1145,2,0,8,"b","",23,"",20159
59,"b",2021-06-07,2021-06-25,1145,2,8,0,"b","",9,"",20584
59,"b",2021-06-07,2021-07-01,1145,2,0,8,"b","",18,"",20043
59,"g",2021-05-27,2021-07-01,1301,2,17,6,"g","",18,"",20046
59,"g",2021-05-27,2021-06-28,1301,3,23,4,"g","",13,"",20696
59,"g",2021-05-27,2021-07-05,1301,2,0,25,"g","",23,"",20162
59,"g",2021-05-27,2021-06-17,1301,0,0,0,"g","",2,"3yv",20820
59,"g",2021-05-27,2021-06-25,1301,3,26,1,"g","",9,"",20587
59,"g",2021-05-27,2021-07-08,1301,2,0,25,"g","",29,"",20283
59,"g",2021-05-27,2021-06-21,1301,3,15,0,"g","",5,"",20503
59,"o",2021-06-03,2021-06-28,1147,1,6,0,"o","",13,"",20694
59,"o",2021-06-03,2021-06-17,1147,0,0,0,"o","",2,"yv",20821
59,"o",2021-06-03,2021-06-21,1147,1,3,0,"o","",5,"",20504
59,"o",2021-06-03,2021-07-01,1147,1,2,4,"o","",18,"",20044
59,"o",2021-06-03,2021-07-05,1147,1,0,7,"o","",23,"",20160
59,"o",2021-06-03,2021-07-08,1147,1,0,6,"o","",29,"",20281
59,"o",2021-06-03,2021-06-25,1147,1,6,0,"o","",9,"",20585
59,"r",2021-06-03,2021-06-21,1199,1,1,0,"r","",4,"",20879
59,"r",2021-06-03,2021-07-08,1199,1,0,10,"r","",29,"",20282
59,"r",2021-06-03,2021-07-12,1199,1,0,9,"r","",34,"",20384
59,"r",2021-06-03,2021-07-01,1199,1,9,1,"r","",18,"",20045
59,"r",2021-06-03,2021-06-28,1199,1,9,0,"r","",13,"",20695
59,"r",2021-06-03,2021-07-05,1199,1,1,9,"r","",23,"",20161
59,"r",2021-06-03,2021-06-25,1199,1,7,0,"r","",9,"",20586
59,"w",2021-06-03,2021-06-28,1025,0,0,0,"w","",13,"",20690
59,"w",2021-06-03,2021-06-17,1025,0,0,0,"w","",2,"yv",20819
59,"w",2021-06-03,2021-06-25,1025,0,0,0,"w","",9,"grazed",20582
59,"w",2021-06-03,2021-06-21,1025,1,6,0,"w","",5,"",20505
59,"ww",2021-06-03,2021-06-28,1142,1,2,5,"ww","",13,"",20692
59,"ww",2021-06-03,2021-07-01,1142,1,0,7,"ww","",18,"",20042
59,"ww",2021-06-03,2021-06-25,1142,1,5,2,"ww","",9,"",20583
59,"ww",2021-06-03,2021-07-05,1142,1,0,7,"ww","",23,"",20158
59,"ww",2021-06-03,2021-06-17,1142,0,0,0,"ww","",2,"yv",20818
59,"ww",2021-06-03,2021-06-21,1142,2,9,0,"ww","",5,"",20506
59,"y",2021-06-03,2021-07-01,1055,1,2,0,"y","",18,"",20041
59,"y",2021-06-03,2021-07-05,1055,1,0,1,"y","",23,"",20157
59,"y",2021-06-03,2021-07-08,1055,1,0,1,"y","",29,"",20280
59,"y",2021-06-03,2021-06-28,1055,1,1,0,"y","",13,"",20691
59,"y",2021-06-03,2021-06-25,1055,0,0,0,"y","",7,"yv",20916
60,"go",2021-06-10,2021-07-05,1100,1,0,1,"go","",23,"",20163
60,"go",2021-06-10,2021-07-01,1100,1,1,0,"go","",18,"",20047
60,"go",2021-06-10,2021-07-08,1100,1,0,1,"go","",29,"",20284
60,"go",2021-06-10,2021-06-25,1100,0,0,0,"go","",7,"yv",20915
60,"go",2021-06-10,2021-06-28,1100,1,1,0,"go","",13,"",20697
60,"gw",2021-06-07,2021-07-08,1178,0,0,0,"wg","",29,"yv",20285
60,"gw",2021-06-07,2021-07-19,1178,1,0,1,"wg",NA,42,"",20473
60,"gw",2021-06-07,2021-07-15,1178,1,0,1,"wg",NA,39,"",20443
60,"gw",2021-06-07,2021-07-12,1178,1,1,0,"wg","",34,"",20385
60,"gw",2021-06-07,2021-07-05,1178,0,0,0,"wg","",27,"yv",20943
60,"gy",2021-06-10,2021-07-08,1249,1,3,2,"yg","",29,"",20286
60,"gy",2021-06-10,2021-07-15,1249,1,0,6,"yg",NA,39,"",20445
60,"gy",2021-06-10,2021-06-25,1249,0,0,0,"yg","",7,"yv",20914
60,"gy",2021-06-10,2021-07-05,1249,1,4,0,"yg","",23,"",20164
60,"gy",2021-06-10,2021-07-12,1249,1,0,6,"yg","",34,"",20386
60,"gy",2021-06-10,2021-07-01,1249,0,0,0,"yg","",18,"yv",20048
60,"gy",2021-06-10,2021-06-28,1249,0,0,0,"yg","",13,"yv",20698
60,"ow",2021-06-10,2021-07-05,1274,0,0,0,"wo","",27,"yv",20942
60,"ow",2021-06-10,2021-07-08,1274,0,0,0,"wo","",29,"yv",20287
60,"ow",2021-06-10,2021-07-15,1274,1,0,4,"wo",NA,39,"",20446
60,"ow",2021-06-10,2021-07-19,1274,1,0,4,"wo",NA,42,"",20475
60,"ow",2021-06-10,2021-07-12,1274,1,4,0,"wo","",34,"",20387
60,"www",2021-06-17,2021-07-15,1215,1,1,0,"www",NA,39,"",20444
60,"www",2021-06-17,2021-07-19,1215,1,0,1,"www",NA,42,"",20474
60,"www",2021-06-17,2021-07-12,1215,1,1,0,"www","",27,"",20947
60,"www",2021-06-17,2021-07-22,1215,1,0,1,NA,NA,45,NA,20543
62,"b",2021-06-03,2021-07-08,1315,1,0,10,"b","",30,"",20303
62,"b",2021-06-03,2021-07-01,1315,1,7,4,"b","",19,"",20064
62,"b",2021-06-03,2021-06-21,1315,1,3,0,"b","",3,"",20873
62,"b",2021-06-03,2021-06-28,1315,1,0,2,"b","",14,"",20715
62,"b",2021-06-03,2021-06-25,1315,2,10,1,"b","",9,"",20602
62,"b",2021-06-03,2021-07-05,1315,1,0,11,"b","",24,"",20182
62,"bgw",2021-06-07,2021-07-08,1040,1,0,4,"wgb","",29,"",20289
62,"bgw",2021-06-07,2021-06-21,1040,0,0,0,"wgb","",3,"yv",20874
62,"bgw",2021-06-07,2021-06-28,1040,1,4,1,"wgb","",13,"[modified based on subsq. record sn jan 2023]",20699
62,"bgw",2021-06-07,2021-07-05,1040,1,0,5,"wgb","",24,"",20166
62,"bgw",2021-06-07,2021-06-25,1040,1,2,1,"wgb","",9,"",20588
62,"bgw",2021-06-07,2021-07-01,1040,1,5,1,"wgb","q",18,"check prev",20049
62,"brw",2021-06-07,2021-07-01,1166,1,7,0,"wrb","",19,"",20058
62,"brw",2021-06-07,2021-06-25,1166,1,5,0,"wrb","",9,"",20595
62,"brw",2021-06-07,2021-06-28,1166,1,7,0,"wrb","",14,"",20708
62,"brw",2021-06-07,2021-07-08,1166,1,0,4,"wrb","",30,"counted an empty calyx",20298
62,"brw",2021-06-07,2021-07-05,1166,1,0,4,"wrb","",24,"1 uncounted dud",20176
62,"brw",2021-06-07,2021-06-21,1166,0,0,0,"wrb","",3,"yv",20871
62,"byy",2021-06-07,2021-06-17,1151,2,4,0,"","",2,"",20812
62,"byy",2021-06-07,2021-06-21,1151,2,8,2,"","",5,"",20509
62,"byy",2021-06-07,2021-06-28,1151,2,4,5,"","",14,"",20707
62,"byy",2021-06-07,2021-07-01,1151,2,3,9,"","",19,"",20057
62,"byy",2021-06-07,2021-07-08,1151,1,0,5,"","",30,"",20297
62,"byy",2021-06-07,2021-06-14,1151,0,0,0,"byy","",1,"2yv",20778
62,"byy",2021-06-07,2021-07-05,1151,1,0,10,"","",24,"1 empty calyx",20175
62,"byy",2021-06-07,2021-06-25,1151,2,7,6,"","",9,"",20594
62,"g",2021-06-03,2021-07-08,1031,1,0,2,"g","",29,"",20288
62,"g",2021-06-03,2021-07-05,1031,1,0,2,"g","",23,"",20165
62,"g",2021-06-03,2021-07-01,1031,1,2,0,"g","",19,"",20932
62,"g",2021-06-03,2021-06-17,1031,0,0,0,"g","",2,"yv",20814
62,"g",2021-06-03,2021-06-21,1031,NA,NA,NA,"g","",6,"",20512
62,"ggg",2021-06-10,2021-06-28,1070,1,2,0,"ggg","",14,"",20702
62,"ggg",2021-06-10,2021-07-05,1070,1,3,8,"ggg","",24,"",20170
62,"ggg",2021-06-10,2021-07-01,1070,1,6,0,"ggg","",19,"",20052
62,"ggg",2021-06-10,2021-07-12,1070,1,0,11,"ggg","",35,"",20390
62,"ggg",2021-06-10,2021-07-08,1070,1,1,10,"ggg","",29,"",20293
62,"ggg",2021-06-10,2021-06-25,1070,0,0,0,"ggg","",7,"yv",20913
62,"ggg",2021-06-10,2021-07-15,1070,1,0,11,"ggg",NA,39,"",20448
62,"grw",2021-06-07,2021-06-28,1065,1,3,0,"wry","",13,"; 1065+1068 records merged SN Jan 2023",20701
62,"grw",2021-06-07,2021-07-12,1065,1,0,3,"wry","",35,"note should be 1060 (same as…); 1065+1068 records merged SN Jan 2023",20389
62,"grw",2021-06-07,2021-06-25,1065,1,3,0,"wry","",9,"; 1065+1068 records merged SN Jan 2023",20590
62,"grw",2021-06-07,2021-07-15,1065,1,0,3,"wry","",39,"; 1065+1068 records merged SN Jan 2023",20447
62,"grw",2021-06-07,2021-07-01,1065,1,1,2,"wry","",19,"; yv; 1065+1068 records merged SN Jan 2023",20051
62,"grw",2021-06-07,2021-07-08,1065,2,1,4,"wry","",29,"; check tp - is same as 1065?; 1065+1068 records merged SN Jan 2023",20291
62,"grw",2021-06-07,2021-06-21,1065,1,1,0,"wry","",3,"; 1065+1068 records merged SN Jan 2023",20868
62,"grw",2021-06-07,2021-07-05,1065,2,3,2,"wry","",24,"; ; 1065+1068 records merged SN Jan 2023",20168
62,"gw",2021-06-03,2021-06-21,1181,2,6,0,"","",3,"",20869
62,"gw",2021-06-03,2021-06-14,1181,0,0,0,"wg","",1,"yv",20775
62,"gw",2021-06-03,2021-07-05,1181,1,0,3,"","",24,"an empty calyx",20177
62,"gw",2021-06-03,2021-06-28,1181,1,4,0,"","",14,"cf other stem",20709
62,"gw",2021-06-03,2021-07-01,1181,1,0,4,"","",19,"",20059
62,"gw",2021-06-03,2021-06-25,1181,2,4,2,"","",9,"1 done (counted) fell off",20596
62,"o",2021-06-03,2021-07-08,1126,1,0,4,"o","",30,"",20295
62,"o",2021-06-03,2021-06-28,1126,0,0,0,"o","i",14,"yv; tp is o (possibly w)",20704
62,"o",2021-06-03,2021-07-05,1126,1,3,1,"o","",24,"",20172
62,"o",2021-06-03,2021-07-01,1126,1,4,0,"o","i",19,"",20054
62,"o",2021-06-03,2021-07-12,1126,1,0,4,"o","",35,"",20391
62,"o",2021-06-03,2021-06-25,1126,0,0,0,"o","[q]",7,"yv; [fogot tp]",20912
62,"orw",2021-06-07,2021-06-21,1194,3,10,0,"wgr","",3,"",20875
62,"orw",2021-06-07,2021-07-05,1194,4,0,21,"wgr","",24,"broke off one done (counted)",20178
62,"orw",2021-06-07,2021-06-25,1194,4,26,1,"wgr","",9,"",20597
62,"orw",2021-06-07,2021-07-01,1194,4,17,10,"wgr","",19,"",20060
62,"orw",2021-06-07,2021-07-12,1194,3,0,20,"wgr","",35,"",20393
62,"orw",2021-06-07,2021-07-08,1194,3,0,22,"wgr","",30,"",20299
62,"orw",2021-06-07,2021-06-28,1194,4,21,6,"wgr","",14,"counted one lost done fl (fell off)",20710
62,"ow",2021-06-03,2021-06-21,1260,0,0,0,"wo","",6,"yv",20514
62,"ow",2021-06-03,2021-06-28,1260,1,1,1,"wo","",14,"",20713
62,"ow",2021-06-03,2021-07-05,1260,1,0,2,"wo","",24,"",20180
62,"ow",2021-06-03,2021-06-17,1260,0,0,0,"wo","",2,"3yv",20813
62,"ow",2021-06-03,2021-07-01,1260,1,1,1,"wo","",19,"",20062
62,"ow",2021-06-03,2021-06-25,1260,1,2,0,"wo","",9,"",20600
62,"ow",2021-06-03,2021-07-08,1260,0,0,0,"wo","",30,"grazed",20301
62,"oy",NA,2021-06-17,1134,2,5,0,"yo","",2,"1yv; is 1134? Chck tp dates; 1134+1220 records merged SN Jan 2023; tp might also be wy",20810
62,"oy",NA,2021-06-14,1134,0,0,0,"yo","",1,"2yv; 1134+1220 records merged SN Jan 2023; tp might also be wy",20777
62,"oy",NA,2021-06-21,1134,3,16,0,"yo","",5,"; check tp dates; 1134+1220 records merged SN Jan 2023; tp might also be wy",20507
62,"oy",NA,2021-06-25,1134,3,14,9,"yo","",9,"; ; 1134+1220 records merged SN Jan 2023; tp might also be wy",20592
62,"oy",NA,2021-07-05,1134,4,3,24,"yo","",24,"is 1220; collected; is 1134; merge; 1134+1220 records merged SN Jan 2023; tp might also be wy",20173
62,"oy",NA,2021-07-08,1134,4,1,24,"yo","",30,"counted an empty calyx; 1134+1220 records merged SN Jan 2023; tp might also be wy",20300
62,"oy",NA,2021-07-12,1134,4,0,28,"yo","",35,"broke off 1 done; 1134+1220 records merged SN Jan 2023; tp might also be wy",20394
62,"oy",NA,2021-07-15,1134,4,0,26,"yo","",40,"; 1134+1220 records merged SN Jan 2023; tp might also be wy",20450
62,"oy",NA,2021-07-01,1134,4,13,16,"yo","",19,"; ; 1134+1220 records merged SN Jan 2023; tp might also be wy",20055
62,"oy",NA,2021-06-28,1134,3,15,10,"yo","",14,"; ; 1134+1220 records merged SN Jan 2023; tp might also be wy",20705
62,"rr",2021-06-10,2021-06-25,1255,1,0,2,"rr","",9,"",20599
62,"rr",2021-06-10,2021-06-28,1255,1,0,2,"rr","",14,"",20712
62,"rr",2021-06-10,2021-06-21,1255,0,0,0,"rr","",3,"yv",20876
62,"rrw",2021-06-07,2021-07-08,1060,1,0,8,"","",29,"",20290
62,"rrw",2021-06-07,2021-07-01,1060,1,6,0,"","",19,"",20050
62,"rrw",2021-06-07,2021-07-12,1060,1,0,8,"","",35,"",20388
62,"rrw",2021-06-07,2021-06-17,1060,0,0,0,"wrr","",2,"yv",20817
62,"rrw",2021-06-07,2021-06-21,1060,NA,NA,NA,"wrr","q",6,"[tag in record hard to read]",20515
62,"rrw",2021-06-07,2021-06-28,1060,1,4,0,"","",13,"",20928
62,"rrw",2021-06-07,2021-07-05,1060,1,2,6,"","",24,"",20167
62,"rwy",2021-06-07,2021-07-05,1276,2,0,9,"wry","",24,"",20181
62,"rwy",2021-06-07,2021-06-28,1276,2,9,3,"wry","",14,"",20714
62,"rwy",2021-06-07,2021-06-25,1276,2,12,0,"wry","",9,"",20601
62,"rwy",2021-06-07,2021-07-12,1276,2,0,10,"wry","",35,"incl empty calyx",20395
62,"rwy",2021-06-07,2021-06-21,1276,2,4,0,"wry","",6,"",20516
62,"rwy",2021-06-07,2021-06-17,1276,0,0,0,"wry","",2,"3yv",20815
62,"rwy",2021-06-07,2021-07-01,1276,2,9,3,"wry","",19,"",20063
62,"rwy",2021-06-07,2021-07-08,1276,2,0,12,"wry","",30,"",20302
62,"w",2021-06-03,2021-06-14,1150,0,0,0,"w","",1,"yv",20776
62,"w",2021-06-03,2021-07-12,1150,2,0,10,"","",35,"",20392
62,"w",2021-06-03,2021-07-08,1150,2,1,16,"","",30,"",20296
62,"w",2021-06-03,2021-07-15,1150,2,0,10,"",NA,40,"",20449
62,"w",2021-06-03,2021-06-28,1150,1,1,4,"","",14,"",20706
62,"w",2021-06-03,2021-07-01,1150,2,4,5,"","",19,"",20056
62,"w",2021-06-03,2021-06-25,1150,1,3,2,"","",9,"1 dud?; yv",20593
62,"w",2021-06-03,2021-07-05,1150,2,5,6,"","",24,"",20174
62,"w",2021-06-03,2021-06-21,1150,1,4,0,"","",5,"",20508
62,"w",2021-06-03,2021-06-17,1150,1,1,0,"","",2,"",20809
62,"ww",2021-06-03,2021-06-25,1045,1,0,2,"ww","",9,"",20589
62,"ww",2021-06-03,2021-06-28,1045,1,0,2,"ww","",13,"",20700
62,"ww",2021-06-03,2021-06-21,1045,0,0,0,"ww","",3,"yv",20877
62,"www",2021-06-03,2021-06-25,1084,2,7,0,"www","",9,"",20591
62,"www",2021-06-03,2021-06-28,1084,2,6,2,"www","",14,"",20703
62,"www",2021-06-03,2021-06-21,1084,0,0,0,"www","",3,"yv",20870
62,"www",2021-06-03,2021-07-05,1084,2,0,12,"www","",24,"",20171
62,"www",2021-06-03,2021-07-08,1084,2,0,10,"www","",29,"",20294
62,"www",2021-06-03,2021-07-01,1084,2,11,2,"www","",19,"",20053
66,"b",2021-06-07,2021-07-15,1269,1,0,8,"b",NA,40,"uncounted dud",20451
66,"b",2021-06-07,2021-07-05,1269,1,6,1,"b","",24,"",20183
66,"b",2021-06-07,2021-07-01,1269,1,3,0,"b","i",19,"tag is 1239",20065
66,"b",2021-06-07,2021-06-28,1269,0,0,0,"b","",14,"yv",20716
66,"b",2021-06-07,2021-07-12,1269,1,0,8,"b","",35,"uncounted dud",20396
66,"b",2021-06-07,2021-07-08,1269,1,2,6,"b","",30,"",20304
66,"b",2021-06-07,2021-06-25,1269,0,0,0,"b","",7,"yv",20898
66,"y",2021-06-07,2021-06-25,1306,0,0,0,"y","",7,"yv",20897
66,"y",2021-06-07,2021-06-28,1306,0,0,0,"y","",14,"yv",20717
66,"y",2021-06-07,2021-07-08,1306,1,1,1,"y","",30,"",20305
66,"y",2021-06-07,2021-07-15,1306,1,0,1,"y",NA,40,"",20452
66,"y",2021-06-07,2021-07-12,1306,1,0,1,"y","",35,"",20397
66,"y",2021-06-07,2021-07-05,1306,1,1,1,"y","",24,"",20184
66,"y",2021-06-07,2021-07-01,1306,0,0,0,"y","",19,"yv",20066
70,"rw",2021-06-07,2021-07-01,1248,1,8,0,"wr","",19,"",20068
70,"rw",2021-06-07,2021-06-21,1248,0,0,0,"wr","",3,"yv",20846
70,"rw",2021-06-07,2021-07-12,1248,1,0,11,"wr","",35,"",20400
70,"rw",2021-06-07,2021-06-28,1248,1,5,0,"wr","",14,"",20719
70,"rw",2021-06-07,2021-07-15,1248,1,0,10,"wr",NA,40,"puny fruit",20454
70,"rw",2021-06-07,2021-06-25,1248,1,1,0,"wr","",9,"",20604
70,"rw",2021-06-07,2021-07-08,1248,1,1,9,"wr","",30,"",20308
70,"rw",2021-06-07,2021-07-05,1248,1,5,6,"wr","",24,"",20186
70,"w",2021-06-03,2021-07-08,1095,0,0,0,"w","",30,"yv",20307
70,"w",2021-06-03,2021-07-15,1095,1,3,4,"w",NA,40,"",20453
70,"w",2021-06-03,2021-07-19,1095,1,0,8,"w",NA,42,"incl one dropped",20476
70,"w",2021-06-03,2021-07-12,1095,1,6,0,"w","",35,"",20399
70,"w",2021-06-03,2021-07-05,1095,0,0,0,"w","",27,"yv",20939
70,"y",2021-06-07,2021-07-01,1032,2,5,2,"y","",19,"",20067
70,"y",2021-06-07,2021-06-25,1032,2,4,0,"y","",9,"",20603
70,"y",2021-06-07,2021-07-05,1032,2,1,6,"y","",24,"",20185
70,"y",2021-06-07,2021-06-21,1032,0,0,0,"y","",3,"2yv",20845
70,"y",2021-06-07,2021-07-08,1032,1,0,5,"y","",30,"counted an empty calyx",20306
70,"y",2021-06-07,2021-07-12,1032,2,0,5,"y","",35,"two damaged won't fruit",20398
70,"y",2021-06-07,2021-06-28,1032,2,4,0,"y","",14,"",20718
71,"bo",2021-06-07,2021-06-21,1016,0,0,0,"bo","",3,"yv",20850
71,"bo",2021-06-07,2021-06-28,1016,1,2,0,"bo","",14,"",20721
71,"bo",2021-06-07,2021-07-12,1016,1,0,2,"bo","",35,"",20401
71,"bo",2021-06-07,2021-06-25,1016,0,0,0,"bo","",10,"yv",20606
71,"bo",2021-06-07,2021-07-01,1016,1,2,0,"bo","",19,"",20070
71,"bo",2021-06-07,2021-07-08,1016,1,0,4,"bo","",30,"",20310
71,"bo",2021-06-07,2021-07-05,1016,1,1,3,"bo","",24,"",20188
71,"ggrw",NA,2021-06-17,1050,1,1,0,"wggr","",1,"spreading today",20785
71,"ggrw",NA,2021-06-21,1050,2,10,0,"wggr","",6,"",20517
71,"ggrw",NA,2021-06-25,1050,2,7,5,"wggr","",10,"",20608
71,"ggrw",NA,2021-07-01,1050,2,3,10,"wggr","",19,"",20073
71,"ggrw",NA,2021-06-28,1050,2,4,9,"wggr","",14,"",20724
71,"ggrw",NA,2021-07-05,1050,2,0,13,"wggr","",24,"",20191
71,"ggrw",NA,2021-07-08,1050,2,0,4,"wggr","",30,"",20313
71,"ggy",NA,2021-07-08,1289,1,0,4,"ygg","",30,"",20317
71,"ggy",NA,2021-06-17,1289,0,0,0,"ygg","",1,"yv; tag shortage",20788
71,"ggy",NA,2021-06-21,1289,1,1,0,"ygg","",6,"",20520
71,"ggy",NA,2021-07-01,1289,1,2,2,"ygg","",19,"",20077
71,"ggy",NA,2021-06-28,1289,1,4,0,"ygg","",14,"",20728
71,"ggy",NA,2021-07-05,1289,1,0,4,"ygg","",24,"",20195
71,"ggy",NA,2021-06-25,1289,1,4,0,"ygg","",10,"",20612
71,"gor",2021-06-10,2021-06-28,1005,0,0,0,"wro","",14,"yv",20720
71,"gor",2021-06-10,2021-07-01,1005,1,2,0,"wro","",19,"",20069
71,"gor",2021-06-10,2021-06-21,1005,0,0,0,"wro","",3,"yv",20848
71,"gor",2021-06-10,2021-06-25,1005,0,0,0,"wro","",10,"yv",20605
71,"gor",2021-06-10,2021-07-05,1005,1,0,2,"wro","",24,"",20187
71,"gor",2021-06-10,2021-07-08,1005,1,0,2,"wro","",30,"",20309
71,"orr",2021-06-10,2021-07-05,1078,1,0,4,"rro","",24,"",20193
71,"orr",2021-06-10,2021-07-01,1078,1,3,2,"rro","",19,"",20075
71,"orr",2021-06-10,2021-06-25,1078,1,5,0,"rro","",10,"",20610
71,"orr",2021-06-10,2021-06-21,1078,1,2,0,"rro","",3,"",20851
71,"orr",2021-06-10,2021-07-08,1078,1,0,4,"rro","",30,"",20315
71,"orr",2021-06-10,2021-06-28,1078,1,5,0,"rro","",14,"",20726
71,"oy",2021-06-10,2021-07-01,1308,1,1,8,"oy","",19,"",20078
71,"oy",2021-06-10,2021-06-28,1308,1,5,4,"oy","",14,"",20729
71,"oy",2021-06-10,2021-06-17,1308,1,1,0,"oy","",1,"",20786
71,"oy",2021-06-10,2021-06-25,1308,1,5,4,"oy","",10,"",20613
71,"oy",2021-06-10,2021-06-21,1308,1,8,0,"oy","",6,"",20518
71,"oy",2021-06-10,2021-07-05,1308,1,0,8,"oy","",24,"",20196
71,"oy",2021-06-10,2021-07-08,1308,1,0,7,"oy","",30,"",20318
71,"r",2021-06-03,2021-06-21,1052,0,0,0,"r","",3,"yv",20847
71,"r",2021-06-03,2021-07-01,1052,1,5,1,"r","",19,"",20074
71,"r",2021-06-03,2021-06-25,1052,1,3,1,"r","",10,"",20609
71,"r",2021-06-03,2021-07-05,1052,1,0,6,"r","",24,"",20192
71,"r",2021-06-03,2021-06-28,1052,1,4,1,"r","",14,"",20725
71,"r",2021-06-03,2021-07-08,1052,1,0,6,"r","",30,"",20314
71,"ry",2021-06-07,2021-06-28,1041,2,4,1,"yr","",14,"",20723
71,"ry",2021-06-07,2021-06-25,1041,2,3,1,"yr","",10,"",20607
71,"ry",2021-06-07,2021-06-17,1041,0,0,0,"yr","",1,"yv; tag shortage",20789
71,"ry",2021-06-07,2021-07-01,1041,2,4,1,"yr","",19,"",20072
71,"ry",2021-06-07,2021-07-08,1041,2,0,5,"yr","",30,"",20312
71,"ry",2021-06-07,2021-06-21,1041,1,1,0,"yr","",6,"",20521
71,"ry",2021-06-07,2021-07-05,1041,2,0,5,"yr","",24,"",20190
71,"y",2021-06-03,2021-06-28,1019,0,0,0,"y","",14,"yv",20722
71,"y",2021-06-03,2021-07-05,1019,2,8,3,"y","",24,"",20189
71,"y",2021-06-03,2021-07-01,1019,0,0,0,"y","",19,"",20071
71,"y",2021-06-03,2021-07-12,1019,2,0,11,"y","",35,"",20402
71,"y",2021-06-03,2021-06-25,1019,0,0,0,"y","",7,"yv",20896
71,"y",2021-06-03,2021-07-08,1019,2,2,8,"y","",30,"",20311
71,"y",2021-06-03,2021-07-15,1019,2,0,10,"y",NA,40,"",20455
71,"yy",2021-06-07,2021-07-12,1106,2,0,11,"yy","",35,"",20403
71,"yy",2021-06-07,2021-06-25,1106,2,3,2,"yy","",10,"",20611
71,"yy",2021-06-07,2021-07-05,1106,2,1,9,"yy","",24,"",20194
71,"yy",2021-06-07,2021-07-08,1106,2,0,12,"yy","",30,"",20316
71,"yy",2021-06-07,2021-06-21,1106,2,1,1,"yy","",3,"acc snapped off 1 uncounted fl",20849
71,"yy",2021-06-07,2021-06-28,1106,2,6,2,"yy","",14,"yv",20727
71,"yy",2021-06-07,2021-07-01,1106,2,8,3,"yy","",19,"",20076
73,"bor",2021-06-07,2021-06-21,1133,1,3,2,"","",3,"",20852
73,"bor",2021-06-07,2021-06-14,1133,0,0,0,"rob","",1,"yv",20780
73,"bor",2021-06-07,2021-06-25,1133,1,0,5,"","",10,"",20621
73,"bor",2021-06-07,2021-06-17,1133,1,3,0,"","",1,"",20790
73,"bor",2021-06-07,2021-06-28,1133,1,0,5,"","",15,"",20737
73,"br",2021-05-27,2021-06-21,1127,1,4,1,"","",6,"",20522
73,"br",2021-05-27,2021-06-14,1127,0,0,0,"rb","",1,"yv",20782
73,"br",2021-05-27,2021-06-28,1127,1,0,5,"","",15,"",20735
73,"br",2021-05-27,2021-06-17,1127,1,3,0,"","",1,"",20792
73,"br",2021-05-27,2021-06-25,1127,1,0,5,"","",10,"",20619
73,"bw",2021-06-03,2021-06-25,1135,1,0,4,"wb","",10,"",20622
73,"bw",2021-06-03,2021-06-14,1135,0,0,0,"wb","",1,"yv",20781
73,"bw",2021-06-03,2021-06-28,1135,1,0,4,"wb","",15,"",20738
73,"bw",2021-06-03,2021-06-21,1135,1,4,0,"wb","",6,"",20524
73,"gg",2021-05-27,2021-07-05,1132,1,0,6,"","",25,"",20202
73,"gg",2021-05-27,2021-06-17,1132,1,2,0,"","",1,"",20791
73,"gg",2021-05-27,2021-07-01,1132,1,0,7,"","",20,"",20084
73,"gg",2021-05-27,2021-06-28,1132,1,2,4,"","",15,"",20736
73,"gg",2021-05-27,2021-06-25,1132,1,3,4,"","",10,"",20620
73,"gg",2021-05-27,2021-06-21,1132,1,4,3,"","",6,"",20523
73,"gg",2021-05-27,2021-06-14,1132,0,0,0,"gg","",1,"yv",20779
73,"gy",2021-05-27,2021-07-19,1069,1,0,2,"yg",NA,42,"",20477
73,"gy",2021-05-27,2021-07-15,1069,1,0,2,"yg",NA,40,"",20457
73,"gy",2021-05-27,2021-07-12,1069,1,1,1,"yg","",35,"",20405
73,"gy",2021-05-27,2021-07-05,1069,0,0,0,"yg","",27,"yv; broke gtp so now only y",20940
73,"gy",2021-05-27,2021-07-08,1069,1,1,0,"yg","",30,"",20321
73,"or",2021-05-23,2021-07-01,1103,3,4,16,"or","",20,"",20081
73,"or",2021-05-23,2021-06-25,1103,3,14,4,"or","",10,"",20616
73,"or",2021-05-23,2021-06-21,1103,2,8,1,"or","",6,"",20525
73,"or",2021-05-23,2021-07-12,1103,3,0,16,"or","",35,"",20406
73,"or",2021-05-23,2021-07-05,1103,3,1,20,"or","",25,"",20199
73,"or",2021-05-23,2021-07-08,1103,3,0,19,"or","",30,"",20322
73,"or",2021-05-23,2021-06-17,1103,0,0,0,"or","",1,"yv",20793
73,"or",2021-05-23,2021-06-28,1103,3,11,8,"or","",14,"",20732
73,"oy",2021-05-27,2021-06-28,1107,1,1,3,"","",15,"",20733
73,"oy",2021-05-27,2021-07-05,1107,1,0,4,"","",25,"",20200
73,"oy",2021-05-27,2021-06-25,1107,1,4,0,"","",10,"",20617
73,"oy",2021-05-27,2021-06-21,1107,1,2,0,"","",3,"",20854
73,"oy",2021-05-27,2021-07-01,1107,1,0,4,"","",20,"",20082
73,"oyy",2021-06-07,2021-06-21,1039,0,0,0,"ygo","",3,"yv",20853
73,"oyy",2021-06-07,2021-06-25,1039,1,6,0,"ygo","",10,"",20614
73,"oyy",2021-06-07,2021-07-01,1039,1,3,3,"ygo","",20,"",20079
73,"oyy",2021-06-07,2021-07-05,1039,1,0,5,"ygo","",25,"",20197
73,"oyy",2021-06-07,2021-07-08,1039,1,0,5,"ygo","",30,"",20319
73,"oyy",2021-06-07,2021-06-28,1039,1,5,1,"ygo","",14,"",20730
73,"rr",2021-05-27,2021-07-01,1280,1,0,9,"rr","",20,"",20085
73,"rr",2021-05-27,2021-06-28,1280,1,2,6,"rr","",15,"",20739
73,"rr",2021-05-27,2021-06-25,1280,1,7,0,"rr","",10,"",20623
73,"rr",2021-05-27,2021-06-17,1280,0,0,0,"rr","",1,"yv",20794
73,"rr",2021-05-27,2021-07-05,1280,1,0,8,"rr","",25,"",20203
73,"rr",2021-05-27,2021-06-21,1280,1,8,0,"rr","",6,"",20526
73,"rw",2021-06-03,2021-07-01,1067,1,6,2,"wr","",20,"",20080
73,"rw",2021-06-03,2021-07-15,1067,1,0,9,"wr",NA,40,"",20456
73,"rw",2021-06-03,2021-07-08,1067,1,0,9,"wr","",30,"",20320
73,"rw",2021-06-03,2021-06-21,1067,0,0,0,"wr","q",3,"yv; tpq possibly ro but likely wr",20855
73,"rw",2021-06-03,2021-07-12,1067,1,0,10,"wr","",35,"",20404
73,"rw",2021-06-03,2021-06-25,1067,1,1,0,"wr","",10,"",20615
73,"rw",2021-06-03,2021-06-28,1067,1,2,0,"wr","",14,"",20731
73,"rw",2021-06-03,2021-07-05,1067,1,3,6,"wr","",25,"",20198
73,"y",2021-06-03,2021-07-08,1108,1,0,4,"y","",31,"",20323
73,"y",2021-06-03,2021-07-01,1108,1,1,3,"y","",20,"",20083
73,"y",2021-06-03,2021-06-25,1108,1,5,0,"y","",10,"",20618
73,"y",2021-06-03,2021-06-28,1108,1,3,2,"y","",15,"broke open flower off (counted)",20734
73,"y",2021-06-03,2021-06-17,1108,0,0,0,"y","",1,"yv; by 1135 tp broke",20795
73,"y",2021-06-03,2021-06-21,1108,1,4,0,"y","",6,"",20528
73,"y",2021-06-03,2021-07-05,1108,1,0,4,"y","",25,"",20201
74,"",NA,2021-06-25,1009,2,9,0,NA,"q",7,"likely missed at first; exclude?",20899
74,"",NA,2021-06-28,1009,2,11,0,NA,"q",15,"likely missed at first; exclude?",20741
74,"",NA,2021-07-05,1009,2,1,10,NA,"q",25,"likely missed at first; exclude?",20205
74,"",NA,2021-07-12,1009,2,0,11,NA,"q",36,"likely missed at first; exclude?",20408
74,"",NA,2021-07-01,1009,2,3,9,NA,"q",20,"likely missed at first; exclude?",20087
74,"",NA,2021-06-28,1054,1,3,5,"","",15,"[missed first day? ignore/exclude?]",20930
74,"",NA,2021-07-08,1054,1,0,8,"","",31,"[missed first day? ignore/exclude?]",20330
74,"",NA,2021-07-05,1054,1,0,8,"","",25,"[missed first day? ignore/exclude?]",20210
74,"",NA,2021-07-08,1009,2,0,11,NA,"q",31,"likely missed at first; exclude?",20325
74,"",NA,2021-07-01,1054,1,1,7,"","",20,"[missed first day? ignore/exclude?]",20092
74,"bb",NA,2021-07-12,1046,5,0,27,"bb","",36,"grazed",20410
74,"bb",NA,2021-07-05,1046,5,3,31,"bb","",25,"",20209
74,"bb",NA,2021-06-17,1046,0,0,0,"bb","",1,"2yv",20799
74,"bb",NA,2021-06-25,1046,5,26,0,"bb","",10,"1 grazed uncounted stem",20626
74,"bb",NA,2021-07-01,1046,5,25,10,"bb","",20,"",20091
74,"bb",NA,2021-06-21,1046,3,10,0,"bb","",6,"2yv",20531
74,"bb",NA,2021-06-28,1046,5,27,4,"bb","",15,"",20745
74,"bb",NA,2021-07-08,1046,5,0,33,"bb","",31,"",20329
74,"bg",2021-05-27,2021-06-25,1122,1,6,4,"","",10,"",20631
74,"bg",2021-05-27,2021-06-21,1122,1,7,0,"","",6,"",20529
74,"bg",2021-05-27,2021-07-05,1122,1,0,9,"","c",25,"check tp; is 1043?",20218
74,"bg",2021-05-27,2021-07-12,1122,1,0,10,"","",36,"",20415
74,"bg",2021-05-27,2021-07-08,1122,1,0,10,"","",31,"",20338
74,"bg",2021-05-27,2021-07-01,1122,1,5,0,"","",20,"",20100
74,"bg",2021-05-27,2021-06-17,1122,1,1,0,"","",1,"",20798
74,"bg",2021-05-27,2021-06-14,1122,0,0,0,"bg","",1,"yv",20783
74,"bg",2021-05-27,2021-06-28,1122,1,5,5,"","",15,"",20753
74,"bo",2021-06-07,2021-07-05,1113,1,0,4,"bo","c",25,"check; no sign of other six fl",20217
74,"bo",2021-06-07,2021-07-01,1113,1,2,8,"bo","",20,"",20099
74,"bo",2021-06-07,2021-07-08,1113,1,0,4,"bo","q/i",31,"confused w/ 1227 in prev record",20337
74,"bo",2021-06-07,2021-06-28,1113,1,3,0,"bo","",15,"",20752
74,"bo",2021-06-07,2021-06-21,1113,0,0,0,"bo","",6,"yv",20532
74,"bo",2021-06-07,2021-06-17,1113,0,0,0,"bo","",1,"yv",20800
74,"bo",2021-06-07,2021-06-25,1113,1,3,0,"bo","",10,"",20630
74,"bor",2021-06-07,2021-06-17,1223,0,0,0,"rob","",1,"yv",20808
74,"bor",2021-06-07,2021-07-01,1223,1,0,10,"rob","",20,"",20104
74,"bor",2021-06-07,2021-07-05,1223,1,0,10,"rob","",25,"",20224
74,"bor",2021-06-07,2021-06-28,1223,1,5,5,"rob","",15,"",20757
74,"bor",2021-06-07,2021-06-21,1223,1,7,1,"rob","",6,"",20534
74,"bor",2021-06-07,2021-06-25,1223,1,6,4,"rob","",10,"",20634
74,"bow",NA,2021-06-21,1129,1,2,0,"bwo","[q]",3,"[tp hard to read]",20857
74,"bow",NA,2021-07-01,1129,1,5,0,"bwo","",20,"",20101
74,"bow",NA,2021-07-05,1129,1,0,5,"bwo","",25,"",20219
74,"bow",NA,2021-06-25,1129,1,5,0,"bwo","",10,"",20632
74,"bow",NA,2021-07-08,1129,1,0,5,"bwo","c",31,"check tp date; could be 1046?",20339
74,"bow",NA,2021-06-28,1129,1,6,0,"bwo","q",15,"check b tp date; is 1046?",20754
74,"bw",2021-06-03,2021-06-28,1021,1,5,1,"wb","",15,"",20742
74,"bw",2021-06-03,2021-07-08,1021,1,0,5,"wb","",31,"",20326
74,"bw",2021-06-03,2021-07-05,1021,1,0,5,"wb","",25,"",20206
74,"bw",2021-06-03,2021-07-01,1021,1,1,4,"wb","",20,"",20088
74,"bw",2021-06-03,2021-06-25,1021,1,5,0,"wb","",7,"",20901
74,"bww",2021-06-14,2021-07-12,1088,1,0,8,"wwb","",36,"",20414
74,"bww",2021-06-14,2021-07-08,1088,1,1,7,"wwb","",31,"",20336
74,"bww",2021-06-14,2021-07-15,1088,1,0,8,"wwb",NA,41,"",20459
74,"bww",2021-06-14,2021-07-01,1088,1,4,0,"wwb","",20,"",20098
74,"bww",2021-06-14,2021-07-05,1088,1,2,5,"wwb","",25,"",20216
74,"bww",2021-06-14,2021-06-25,1088,0,0,0,"wwb","",7,"yv",20903
74,"bww",2021-06-14,2021-06-28,1088,1,1,0,"wwb","",15,"",20751
74,"by",2021-05-27,2021-07-05,1071,2,0,12,"by","",25,"",20214
74,"by",2021-05-27,2021-06-25,1071,2,14,1,"by","",10,"",20629
74,"by",2021-05-27,2021-07-01,1071,2,9,5,"by","",20,"1 empty calyx",20096
74,"by",2021-05-27,2021-07-08,1071,2,0,15,"by","",31,"counted an empty calyx",20334
74,"by",2021-05-27,2021-06-21,1071,1,6,0,"by","",6,"",20533
74,"by",2021-05-27,2021-06-17,1071,0,0,0,"by","",1,"yv",20801
74,"by",2021-05-27,2021-06-28,1071,2,13,2,"by","",15,"",20749
74,"by",2021-05-27,2021-07-12,1071,2,0,15,"by","",36,"",20412
74,"enno",NA,2021-07-01,1170,1,6,0,"none","q",20,"on boundary; prev missed;[ignore/exclude because on boundary?]",20933
74,"enno",NA,2021-07-08,1170,1,0,5,"none","q",31,";[ignore/exclude because on boundary?]",20341
74,"enno",NA,2021-07-05,1170,1,0,6,"none","q",25,";[ignore/exclude because on boundary?]",20221
74,"go",2021-05-27,2021-07-01,1227,1,2,0,"og","q",20,"tag found u; tp is og",20105
74,"go",2021-05-27,2021-07-08,1227,1,0,2,"og","",31,"",20344
74,"go",2021-05-27,2021-06-25,1227,1,3,0,"og","",7,"yv",20906
74,"go",2021-05-27,2021-06-28,1227,1,3,0,"og","",15,"",20758
74,"go",2021-05-27,2021-07-05,1227,1,0,2,"og","",26,"",20225
74,"gw",2021-06-03,2021-06-28,1058,NA,NA,NA,"wg","",15,"cf",20748
74,"gw",2021-06-03,2021-07-05,1058,NA,NA,NA,"wg","",25,"",20213
74,"gw",2021-06-03,2021-06-25,1058,1,5,2,"wg","q",7,"tp may be go",20905
74,"gw",2021-06-03,2021-07-01,1058,NA,NA,NA,"wg","",20,"",20095
74,"gw",2021-06-03,2021-07-12,1058,NA,NA,NA,"wg","",36,"",20411
74,"gw",2021-06-03,2021-07-08,1058,NA,NA,NA,"wg","",31,"",20333
74,"gww",2021-06-03,2021-06-17,1200,0,0,0,"wwg","",1,"yv",20802
74,"gww",2021-06-03,2021-07-01,1200,1,2,4,"wwg","",20,"",20103
74,"gww",2021-06-03,2021-07-05,1200,1,0,6,"wwg","",25,"",20222
74,"gww",2021-06-03,2021-06-21,1200,NA,NA,NA,"wwg","",6,"",20537
74,"gww",2021-06-03,2021-06-25,1200,1,5,0,"wwg","",7,"",20900
74,"gww",2021-06-03,2021-06-28,1200,1,6,0,"wwg","",15,"",20756
74,"gww",2021-06-03,2021-07-08,1200,1,0,6,"wwg","",31,"",20342
74,"gy",2021-05-27,2021-07-01,1229,1,1,0,"gy","",20,"possible dupe; chewed up tag found in here",20934
74,"gy",2021-05-27,2021-07-05,1229,1,0,1,"gy","",26,"",20226
74,"gy",2021-05-27,2021-07-08,1229,1,0,1,"gy","",31,"",20345
74,"oo",2021-05-27,2021-07-08,1073,1,5,3,"oo","",31,"",20335
74,"oo",2021-05-27,2021-06-25,1073,0,0,0,"oo","",7,"yv",20902
74,"oo",2021-05-27,2021-07-15,1073,1,0,8,"oo",NA,41,"",20458
74,"oo",2021-05-27,2021-07-01,1073,1,3,0,"oo","",20,"",20097
74,"oo",2021-05-27,2021-07-19,1073,1,0,8,"oo",NA,42,"",20478
74,"oo",2021-05-27,2021-07-05,1073,1,5,1,"oo","",25,"",20215
74,"oo",2021-05-27,2021-07-12,1073,1,1,8,"oo","",36,"",20413
74,"oo",2021-05-27,2021-06-28,1073,0,0,0,"oo","",15,"yv",20750
74,"or",2021-06-03,2021-07-01,1258,1,0,4,"ro","",20,"",20107
74,"or",2021-06-03,2021-06-28,1258,1,4,1,"ro","",15,"stem seriously kinked",20760
74,"or",2021-06-03,2021-06-25,1258,1,5,1,"ro","",11,"",20636
74,"or",2021-06-03,2021-06-21,1258,1,3,0,"ro","[q]",3,"[tag hard to read]",20856
74,"or",2021-06-03,2021-07-05,1258,1,0,4,"ro","",26,"stem broke",20228
74,"r",2021-05-27,2021-07-05,1240,0,0,0,"r","",27,"yv",20941
74,"r",2021-05-27,2021-07-19,1240,1,0,7,"r",NA,42,"",20479
74,"r",2021-05-27,2021-07-15,1240,1,0,7,"r",NA,41,"",20461
74,"r",2021-05-27,2021-07-12,1240,1,5,1,"r","",36,"",20418
74,"r",2021-05-27,2021-07-08,1240,1,2,0,"r","",31,"",20347
74,"rrr",2021-06-10,2021-07-08,1214,1,0,7,"rrr","",31,"",20343
74,"rrr",2021-06-10,2021-07-05,1214,1,0,8,"rrr","",25,"",20223
74,"rrr",2021-06-10,2021-07-01,1214,1,2,6,"rrr","",20,"possible dupe; chewed up tag found in here",20935
74,"ry",2021-05-27,2021-06-21,1056,2,5,0,"ry","",6,"",20535
74,"ry",2021-05-27,2021-07-05,1056,1,0,7,"ry","",25,"1 uncounted dud",20212
74,"ry",2021-05-27,2021-07-08,1056,1,0,6,"ry","",31,"",20332
74,"ry",2021-05-27,2021-06-17,1056,0,0,0,"ry","",1,"2yv",20804
74,"ry",2021-05-27,2021-07-01,1056,2,2,6,"ry","",20,"",20094
74,"ry",2021-05-27,2021-06-25,1056,2,6,1,"ry","",10,"2 uncounted look like duds",20628
74,"ry",2021-05-27,2021-06-28,1056,2,5,3,"ry","",15,"",20747
74,"w",2021-06-03,2021-06-25,1350,1,5,0,"w","",10,"",20627
74,"w",2021-06-03,2021-07-01,1350,1,3,3,"w","",20,"",20093
74,"w",2021-06-03,2021-07-05,1350,1,0,6,"w","",25,"",20211
74,"w",2021-06-03,2021-06-17,1350,0,0,0,"w","",1,"yv",20803
74,"w",2021-06-03,2021-06-21,1350,1,3,0,"w","",6,"",20536
74,"w",2021-06-03,2021-06-28,1350,1,5,0,"w","",15,"",20746
74,"w",2021-06-03,2021-07-08,1350,1,0,6,"w","",31,"",20331
74,"ww",2021-06-03,2021-06-25,1297,2,15,1,"ww","",11,"",20637
74,"ww",2021-06-03,2021-07-01,1297,2,8,6,"ww","",21,"",20109
74,"ww",2021-06-03,2021-06-21,1297,2,9,0,"ww","[i]",3,"[is equal to another tp - will need to combine at some point]",20858
74,"ww",2021-06-03,2021-07-05,1297,2,0,17,"ww","",26,"",20230
74,"ww",2021-06-03,2021-07-08,1297,2,0,15,"ww","q",31,"second stem (1;0;2) is probably 1056…",20349
74,"ww",2021-06-03,2021-06-28,1297,2,14,1,"ww","",15,"",20761
74,"www",2021-06-03,2021-06-28,1233,4,19,1,"www","",15,"",20759
74,"www",2021-06-03,2021-07-01,1233,4,13,5,"www","",20,"",20106
74,"www",2021-06-03,2021-07-05,1233,4,0,18,"www","",26,"",20227
74,"www",2021-06-03,2021-07-12,1233,4,0,18,"www","",36,"",20417
74,"www",2021-06-03,2021-06-17,1233,0,0,0,"www","",1,"yv",20807
74,"www",2021-06-03,2021-06-21,1233,1,3,0,"www","",6,"",20538
74,"www",2021-06-03,2021-06-25,1233,4,19,0,"www","",10,"",20635
74,"www",2021-06-03,2021-07-08,1233,4,0,19,"www","",31,"",20346
74,"wy",2021-06-03,2021-07-08,1043,1,0,8,"wy","",31,"",20328
74,"wy",2021-06-03,2021-07-01,1043,1,6,2,"wy","",20,"",20090
74,"wy",2021-06-03,2021-06-17,1043,0,0,0,"wy","",1,"yv",20805
74,"wy",2021-06-03,2021-07-12,1043,1,0,8,"wy","",36,"",20409
74,"wy",2021-06-03,2021-06-21,1043,1,3,0,"wy","",6,"",20539
74,"wy",2021-06-03,2021-06-28,1043,1,8,0,"wy","",15,"",20744
74,"wy",2021-06-03,2021-06-25,1043,1,6,0,"wy","",10,"",20625
74,"wy",2021-06-03,2021-07-05,1043,1,2,6,"wy","c",25,"check tp date; is 1122?",20208
74,"x",NA,2021-06-28,1281,0,0,0,"x","",15,"yv",20929
74,"x",NA,2021-07-08,1281,NA,NA,NA,"x","",31,"",20348
74,"x",NA,2021-07-12,1281,NA,NA,NA,"x","",36,"",20419
74,"x",NA,2021-07-05,1281,NA,NA,NA,"x","",26,"",20229
74,"x",NA,2021-07-01,1281,NA,NA,NA,"x","",20,"can't find",20108
74,"y",2021-05-27,2021-06-21,1033,1,1,0,"y","",3,"",20859
74,"y",2021-05-27,2021-06-25,1033,2,3,0,"y","",10,"",20624
74,"y",2021-05-27,2021-07-05,1033,2,0,3,"y","",25,"",20207
74,"y",2021-05-27,2021-07-08,1033,1,0,3,"y","",31,"",20327
74,"y",2021-05-27,2021-06-28,1033,2,4,0,"y","",15,"",20743
74,"y",2021-05-27,2021-07-01,1033,2,3,1,"y","",20,"",20089
74,"yy",2021-05-27,2021-07-05,1131,2,1,11,"","",25,"",20220
74,"yy",2021-05-27,2021-06-14,1131,0,0,0,"yy","",1,"yv",20784
74,"yy",2021-05-27,2021-06-17,1131,1,2,0,"","",1,"",20797
74,"yy",2021-05-27,2021-07-08,1131,2,1,13,"","",31,"",20340
74,"yy",2021-05-27,2021-06-28,1131,2,9,3,"","",15,"",20755
74,"yy",2021-05-27,2021-07-01,1131,2,7,6,"","",20,"",20102
74,"yy",2021-05-27,2021-06-21,1131,1,8,0,"","",6,"",20530
74,"yy",2021-05-27,2021-07-15,1131,2,0,11,"",NA,41,"",20460
74,"yy",2021-05-27,2021-07-12,1131,2,0,11,"","",36,"",20416
74,"yy",2021-05-27,2021-06-25,1131,2,10,2,"","",10,"",20633
74,"yyy",2021-06-10,2021-07-12,1007,1,0,9,"yyy","",36,"",20407
74,"yyy",2021-06-10,2021-07-08,1007,1,0,9,"yyy","",31,"",20324
74,"yyy",2021-06-10,2021-07-05,1007,1,4,5,"yyy","",25,"",20204
74,"yyy",2021-06-10,2021-06-25,1007,1,4,0,"yyy","",7,"",20904
74,"yyy",2021-06-10,2021-07-01,1007,1,9,0,"yyy","",20,"",20086
74,"yyy",2021-06-10,2021-06-28,1007,1,5,0,"yyy","",15,"",20740
75,"b",2021-06-10,2021-07-12,1079,1,0,12,"b","",36,"",20420
75,"b",2021-06-10,2021-06-25,1079,0,0,0,"b","",7,"yv",20907
75,"b",2021-06-10,2021-07-08,1079,1,5,6,"b","",31,"",20350
75,"b",2021-06-10,2021-07-15,1079,1,0,11,"b",NA,41,"",20462
75,"b",2021-06-10,2021-07-01,1079,1,4,0,"b","",21,"",20110
75,"b",2021-06-10,2021-06-21,1079,0,0,0,"b","",3,"yv",20860
75,"b",2021-06-10,2021-07-05,1079,1,5,3,"b","",26,"",20231
75,"b",2021-06-10,2021-06-28,1079,0,0,0,"b","",15,"yv",20762
75,"r",2021-06-10,2021-07-01,1174,0,0,0,"r","",21,"yv",20936
75,"r",2021-06-10,2021-07-08,1174,1,2,0,"r","c/i",31,"check prev; these don't look done…",20351
75,"r",2021-06-10,2021-07-05,1174,1,2,0,"r","",26,"[modified manually due to comment sn jan 2023]",20232
75,"r",2021-06-10,2021-07-15,1174,1,0,2,"r",NA,41,"stem broken",20463
75,"r",2021-06-10,2021-07-12,1174,1,0,2,"r","",36,"",20421
76,"b",2021-06-07,2021-07-08,1013,1,1,8,"b","",32,"",20353
76,"b",2021-06-07,2021-07-12,1013,1,0,8,"b","",37,"",20423
76,"b",2021-06-07,2021-07-01,1013,1,8,0,"b","",21,"",20112
76,"b",2021-06-07,2021-07-15,1013,1,0,6,"b",NA,41,"",20465
76,"b",2021-06-07,2021-06-25,1013,1,3,0,"b","",7,"yv",20909
76,"b",2021-06-07,2021-07-05,1013,1,4,4,"b","",26,"",20234
76,"b",2021-06-07,2021-06-28,1013,1,6,0,"b","",16,"",20764
76,"b",2021-06-07,2021-06-21,1013,0,0,0,"b","",3,"yv",20861
76,"bo",2021-06-07,2021-07-01,1077,0,0,0,"bo","",21,"yv",20113
76,"bo",2021-06-07,2021-07-12,1077,0,0,0,"bo","",37,"",20424
76,"bo",2021-06-07,2021-07-05,1077,1,1,0,"bo","",26,"",20235
76,"bo",2021-06-07,2021-06-28,1077,0,0,0,"bo","",16,"yv",20765
76,"bo",2021-06-07,2021-06-25,1077,0,0,0,"bo","",7,"",20911
76,"bo",2021-06-07,2021-07-08,1077,1,0,1,"bo","",32,"",20354
76,"bw",2021-06-10,2021-06-21,1284,1,1,0,"wb","",3,"",20864
76,"bw",2021-06-10,2021-07-01,1284,1,3,1,"wb","",21,"",20116
76,"bw",2021-06-10,2021-07-05,1284,1,0,4,"wb","",26,"",20240
76,"bw",2021-06-10,2021-06-28,1284,1,4,0,"wb","",16,"",20768
76,"bw",2021-06-10,2021-06-25,1284,1,4,0,"wb","",11,"",20639
76,"bw",2021-06-10,2021-07-08,1284,1,0,3,"wb","",32,"",20359
76,"gr",2021-06-10,2021-06-28,1119,1,1,0,"rg","",16,"",20767
76,"gr",2021-06-10,2021-07-08,1119,1,0,3,"rg","",32,"",20356
76,"gr",2021-06-10,2021-07-01,1119,1,2,0,"rg","",21,"",20115
76,"gr",2021-06-10,2021-07-12,1119,1,0,3,"rg","",37,"",20425
76,"gr",2021-06-10,2021-06-25,1119,1,1,0,"rg","q",7,"two tps? Rg and g; is rgg?",20910
76,"gr",2021-06-10,2021-06-21,1119,0,0,0,"rg","",3,"yv",20862
76,"gr",2021-06-10,2021-07-05,1119,1,2,1,"rg","",26,"",20237
76,"oo",2021-06-07,2021-07-15,1125,1,0,2,"oo",NA,41,"",20466
76,"oo",2021-06-07,2021-07-12,1125,1,0,2,"oo","",37,"",20426
76,"oo",2021-06-07,2021-07-01,1125,0,0,0,"oo","",21,"yv",20937
76,"oo",2021-06-07,2021-07-08,1125,1,2,0,"oo","",32,"",20357
76,"oo",2021-06-07,2021-07-05,1125,1,2,0,"oo","",26,"",20238
76,"rr",2021-06-10,2021-07-01,1010,0,0,0,"rr","",21,"yv",20111
76,"rr",2021-06-10,2021-07-05,1010,1,3,8,"rr","",26,"",20233
76,"rr",2021-06-10,2021-06-28,1010,0,0,0,"rr","",15,"yv",20763
76,"rr",2021-06-10,2021-06-25,1010,0,0,0,"rr","",7,"yv",20908
76,"rr",2021-06-10,2021-07-12,1010,1,0,4,"rr","",37,"grazed",20422
76,"rr",2021-06-10,2021-07-08,1010,1,2,2,"rr","",32,"",20352
76,"rr",2021-06-10,2021-07-15,1010,1,0,4,"rr",NA,41,"",20464
76,"w",2021-06-03,2021-07-05,1206,2,7,0,"w","i",26,"tp is w",20239
76,"w",2021-06-03,2021-07-08,1206,2,3,5,"w","",32,"spider",20358
76,"w",2021-06-03,2021-07-12,1206,2,0,8,"w","",37,"",20427
76,"w",2021-06-03,2021-07-01,1206,1,2,0,"","c",21,"yv; check TP",20938
76,"w",2021-06-03,2021-07-15,1206,2,0,8,"w",NA,41,"",20467
76,"ww",2021-06-03,2021-06-25,1094,1,2,0,"ww","",11,"",20638
76,"ww",2021-06-03,2021-07-08,1094,1,0,2,"ww","",32,"",20355
76,"ww",2021-06-03,2021-06-28,1094,1,2,0,"ww","",16,"",20766
76,"ww",2021-06-03,2021-07-01,1094,1,1,0,"ww","",21,"",20114
76,"ww",2021-06-03,2021-07-05,1094,1,0,2,"ww","",26,"",20236
76,"ww",2021-06-03,2021-06-21,1094,1,1,0,"ww","",3,"",20863
79,"bo",2021-06-07,2021-06-25,1283,1,3,0,"bo","",11,"",20640
79,"bo",2021-06-07,2021-06-28,1283,1,3,0,"bo","",16,"",20769
79,"bo",2021-06-07,2021-07-05,1283,1,0,3,"bo","",26,"",20241
79,"bo",2021-06-07,2021-06-21,1283,1,1,0,"bo","",3,"",20865
79,"bo",2021-06-07,2021-07-01,1283,1,2,1,"bo","",21,"",20117
79,"bo",2021-06-07,2021-07-08,1283,1,0,3,"bo","",32,"",20360
